{"index.md":"CbLziLQw","page.md":"Cae8Si_8","pages_archives.md":"BFPjDrkC","pages_categories.md":"B4STF7Z8","pages_categories_分类测试.md":"Pzf19Xok","pages_categories_随便说说.md":"BJdTy1MW","pages_tags.md":"P6h-g5nC","pages_tags_测试.md":"D48Wc69R","pages_tags_测试2.md":"C3vYdLl1","pages_tags_测试3.md":"DKTMCtGS","pages_tags_练习.md":"C4Fr_nJz","posts_api-examples copy.md":"BGkytIwJ","posts_api-examples.md":"CCe7vGYs","posts_markdown-examples.md":"HNnzsu5j","posts_分页测试文章 copy 2.md":"Dea0aCa1","posts_分页测试文章 copy.md":"BzWIAjyv","posts_分页测试文章.md":"COmBFdXj","posts_年度盛典你.md":"Bx9pe-vE","posts_车上大测试.md":"Ch8F2rkR"}
